audio1,audio2,audio1 wins,time,id
validation_audio/XC601791.wav,gan_inference/820.wav,True,15/03/2024 10:42:13,7534623972701592
validation_audio/XC673591.wav,vae_inference/751.wav,False,15/03/2024 10:42:27,7534623972701592
vaegan_inference/806.wav,vae_inference/316.wav,False,15/03/2024 10:44:09,1151052753934839
vaegan_inference/953.wav,vae_inference/7.wav,False,15/03/2024 10:44:42,6716292500392066
vaegan_inference/220.wav,vae_inference/548.wav,False,15/03/2024 10:44:43,6716292500392066
validation_audio/XC421997.wav,gan_inference/793.wav,True,15/03/2024 10:44:58,7534623972701592
vaegan_inference/412.wav,gan_inference/805.wav,True,15/03/2024 10:45:07,7534623972701592
validation_audio/XC443024.wav,gan_inference/118.wav,False,15/03/2024 10:45:22,7534623972701592
validation_audio/XC414789.wav,vaegan_inference/68.wav,True,15/03/2024 10:45:35,7534623972701592
vae_inference/149.wav,validation_audio/XC623299.wav,False,15/03/2024 10:45:43,7534623972701592
gan_inference/730.wav,vaegan_inference/931.wav,True,15/03/2024 10:45:52,7534623972701592
vae_inference/230.wav,gan_inference/276.wav,False,15/03/2024 10:46:07,7534623972701592
validation_audio/XC736199.wav,vaegan_inference/579.wav,False,15/03/2024 10:46:22,7534623972701592
validation_audio/XC302481.wav,vae_inference/583.wav,True,15/03/2024 10:46:32,7534623972701592
vae_inference/282.wav,validation_audio/XC196008.wav,True,15/03/2024 10:47:10,7534623972701592
vaegan_inference/3.wav,gan_inference/779.wav,True,15/03/2024 10:47:12,0893704008756594
validation_audio/XC634132.wav,gan_inference/490.wav,True,15/03/2024 10:47:19,7534623972701592
validation_audio/XC677457.wav,vaegan_inference/684.wav,True,15/03/2024 10:47:24,0893704008756594
gan_inference/272.wav,vaegan_inference/774.wav,False,15/03/2024 10:47:30,7534623972701592
vaegan_inference/523.wav,gan_inference/130.wav,True,15/03/2024 10:47:32,0893704008756594
vaegan_inference/743.wav,vae_inference/695.wav,False,15/03/2024 10:47:45,7534623972701592
gan_inference/516.wav,vaegan_inference/480.wav,False,15/03/2024 10:47:49,0893704008756594
gan_inference/390.wav,vae_inference/133.wav,True,15/03/2024 10:47:52,7534623972701592
gan_inference/192.wav,vaegan_inference/350.wav,False,15/03/2024 10:47:56,0893704008756594
vaegan_inference/932.wav,validation_audio/XC402461.wav,True,15/03/2024 10:48:00,7534623972701592
validation_audio/XC578599.wav,vae_inference/1012.wav,False,15/03/2024 10:48:08,7534623972701592
vae_inference/703.wav,gan_inference/94.wav,False,15/03/2024 10:48:25,7534623972701592
gan_inference/419.wav,vaegan_inference/494.wav,False,15/03/2024 10:48:46,7534623972701592
vae_inference/341.wav,validation_audio/XC517239.wav,False,15/03/2024 10:48:49,9502726536448875
vaegan_inference/591.wav,gan_inference/792.wav,True,15/03/2024 10:48:57,7534623972701592
gan_inference/604.wav,vaegan_inference/610.wav,True,15/03/2024 10:49:07,7534623972701592
validation_audio/XC657636.wav,vaegan_inference/87.wav,False,15/03/2024 10:50:24,9502726536448875
validation_audio/XC588738.wav,gan_inference/207.wav,False,15/03/2024 10:53:06,7534623972701592
vae_inference/651.wav,validation_audio/XC445557.wav,True,15/03/2024 10:53:15,9088324023602747
gan_inference/273.wav,vaegan_inference/387.wav,False,15/03/2024 10:53:16,7534623972701592
validation_audio/XC664925.wav,vaegan_inference/86.wav,True,15/03/2024 10:53:24,9088324023602747
validation_audio/XC375944.wav,vae_inference/430.wav,True,15/03/2024 10:53:33,9088324023602747
vaegan_inference/98.wav,vae_inference/215.wav,False,15/03/2024 10:53:37,7534623972701592
gan_inference/517.wav,vaegan_inference/743.wav,True,15/03/2024 10:53:46,7534623972701592
vaegan_inference/524.wav,gan_inference/320.wav,True,15/03/2024 10:53:54,9088324023602747
gan_inference/359.wav,validation_audio/XC205582.wav,False,15/03/2024 10:53:54,7534623972701592
vae_inference/53.wav,vaegan_inference/415.wav,False,15/03/2024 10:54:02,7534623972701592
vae_inference/77.wav,vaegan_inference/700.wav,False,15/03/2024 10:54:02,9088324023602747
vaegan_inference/945.wav,validation_audio/XC312066.wav,False,15/03/2024 10:54:11,7534623972701592
gan_inference/696.wav,vaegan_inference/960.wav,False,15/03/2024 10:54:20,7534623972701592
validation_audio/XC728971.wav,vaegan_inference/628.wav,True,15/03/2024 10:54:30,7534623972701592
validation_audio/XC591629.wav,vae_inference/620.wav,True,15/03/2024 10:54:35,7534623972701592
gan_inference/748.wav,vaegan_inference/884.wav,False,15/03/2024 10:54:44,7534623972701592
validation_audio/XC429330.wav,vaegan_inference/328.wav,True,15/03/2024 10:54:53,7534623972701592
vae_inference/69.wav,gan_inference/3.wav,True,15/03/2024 10:55:13,0680188288809790
gan_inference/506.wav,vaegan_inference/715.wav,False,15/03/2024 10:55:14,7534623972701592
validation_audio/XC482339.wav,gan_inference/364.wav,True,15/03/2024 10:55:19,7534623972701592
gan_inference/286.wav,validation_audio/XC350233.wav,False,15/03/2024 10:55:21,0680188288809790
vae_inference/1011.wav,vaegan_inference/666.wav,False,15/03/2024 10:55:32,7534623972701592
vaegan_inference/485.wav,gan_inference/641.wav,True,15/03/2024 10:55:41,7534623972701592
vaegan_inference/217.wav,vae_inference/976.wav,False,15/03/2024 10:55:41,0680188288809790
vae_inference/570.wav,vaegan_inference/744.wav,True,15/03/2024 10:55:49,7534623972701592
validation_audio/XC714988.wav,vae_inference/765.wav,False,15/03/2024 10:55:56,0680188288809790
gan_inference/323.wav,validation_audio/XC213379.wav,False,15/03/2024 10:55:57,7534623972701592
vaegan_inference/774.wav,vae_inference/41.wav,False,15/03/2024 10:56:05,7534623972701592
validation_audio/XC320621.wav,vae_inference/61.wav,True,15/03/2024 10:56:13,7534623972701592
gan_inference/295.wav,vaegan_inference/77.wav,True,15/03/2024 10:56:14,0680188288809790
validation_audio/XC374289.wav,vaegan_inference/97.wav,True,15/03/2024 10:56:22,0680188288809790
validation_audio/XC286540.wav,gan_inference/479.wav,False,15/03/2024 10:56:26,7534623972701592
vae_inference/418.wav,vaegan_inference/87.wav,False,15/03/2024 10:56:34,7534623972701592
vae_inference/700.wav,vaegan_inference/809.wav,True,15/03/2024 10:56:35,0680188288809790
validation_audio/XC138324.wav,vaegan_inference/725.wav,True,15/03/2024 10:56:42,7534623972701592
gan_inference/128.wav,vaegan_inference/304.wav,False,15/03/2024 10:56:53,7534623972701592
validation_audio/XC267744.wav,vaegan_inference/14.wav,False,15/03/2024 10:56:59,7534623972701592
gan_inference/575.wav,vae_inference/566.wav,True,15/03/2024 10:57:08,7534623972701592
vaegan_inference/409.wav,gan_inference/283.wav,False,15/03/2024 10:57:16,7534623972701592
validation_audio/XC156887.wav,vae_inference/300.wav,True,15/03/2024 10:57:26,7534623972701592
validation_audio/XC201231.wav,gan_inference/479.wav,True,15/03/2024 10:58:41,7534623972701592
gan_inference/998.wav,vae_inference/709.wav,False,15/03/2024 10:59:00,7534623972701592
vae_inference/996.wav,vaegan_inference/644.wav,True,15/03/2024 10:59:09,7534623972701592
vae_inference/51.wav,vaegan_inference/138.wav,True,15/03/2024 10:59:18,7534623972701592
gan_inference/117.wav,vae_inference/351.wav,False,15/03/2024 10:59:20,8994725068122788
validation_audio/XC386947.wav,vae_inference/134.wav,True,15/03/2024 10:59:29,7534623972701592
vaegan_inference/930.wav,vae_inference/572.wav,False,15/03/2024 10:59:46,7534623972701592
vaegan_inference/784.wav,vae_inference/813.wav,False,15/03/2024 10:59:55,8101302105124179
vaegan_inference/339.wav,gan_inference/118.wav,True,15/03/2024 10:59:58,7534623972701592
gan_inference/770.wav,vae_inference/585.wav,True,15/03/2024 11:00:02,8101302105124179
gan_inference/984.wav,vaegan_inference/62.wav,True,15/03/2024 11:00:06,7534623972701592
vae_inference/716.wav,validation_audio/XC381734.wav,True,15/03/2024 11:00:30,7534623972701592
validation_audio/XC555605.wav,gan_inference/4.wav,True,15/03/2024 11:00:40,7534623972701592
validation_audio/XC490661.wav,gan_inference/498.wav,True,15/03/2024 11:00:49,7534623972701592
validation_audio/XC687218.wav,vae_inference/517.wav,False,15/03/2024 11:00:58,7534623972701592
vaegan_inference/512.wav,gan_inference/238.wav,True,15/03/2024 11:01:07,7534623972701592
vae_inference/447.wav,vaegan_inference/623.wav,False,16/03/2024 08:00:01,7736572298751181
validation_audio/XC192129.wav,audio_from_peak_processed/XC326156.wav,True,16/03/2024 08:00:08,7736572298751181
gan_inference/605.wav,audio_from_peak_processed/XC145711.wav,False,16/03/2024 08:00:16,7736572298751181
audio_from_peak_processed/XC268107.wav,vae_inference/563.wav,False,16/03/2024 08:00:24,7736572298751181
validation_audio/XC640727.wav,gan_inference/138.wav,True,16/03/2024 08:00:32,7736572298751181
gan_inference/57.wav,vae_inference_peak/979.wav,True,16/03/2024 08:00:40,7736572298751181
gan_inference/898.wav,vae_inference/293.wav,False,16/03/2024 08:00:49,7736572298751181
validation_audio/XC204537.wav,vae_inference_peak/157.wav,True,16/03/2024 08:01:21,7736572298751181
vaegan_inference/17.wav,vae_inference_peak/31.wav,False,16/03/2024 08:01:28,7736572298751181
audio_from_peak_processed/XC448134.wav,vae_inference/41.wav,False,16/03/2024 08:01:34,7736572298751181
audio_from_peak_processed/XC364947.wav,vae_inference_peak/320.wav,True,16/03/2024 08:01:41,7736572298751181
gan_inference/252.wav,vae_inference/125.wav,True,16/03/2024 08:01:50,7736572298751181
vae_inference/837.wav,gan_inference/135.wav,True,16/03/2024 08:01:57,7736572298751181
vae_inference_peak/739.wav,vae_inference/768.wav,False,16/03/2024 08:02:05,7736572298751181
vae_inference/624.wav,gan_inference/138.wav,False,16/03/2024 08:02:15,7736572298751181
gan_inference/117.wav,vae_inference_peak/544.wav,False,16/03/2024 08:02:23,7736572298751181
gan_inference/405.wav,audio_from_peak_processed/XC371767.wav,False,16/03/2024 08:02:31,7736572298751181
validation_audio/XC757554.wav,vaegan_inference/240.wav,False,16/03/2024 08:02:50,7736572298751181
vae_inference/552.wav,gan_inference/177.wav,False,16/03/2024 08:03:02,7736572298751181
vae_inference/182.wav,audio_from_peak_processed/XC650663.wav,False,16/03/2024 08:03:15,7736572298751181
vaegan_inference/271.wav,vae_inference_peak/205.wav,True,16/03/2024 08:03:36,7736572298751181
vae_inference/707.wav,gan_inference/614.wav,False,16/03/2024 08:03:45,7736572298751181
validation_audio/XC611522.wav,vaegan_inference/249.wav,True,16/03/2024 08:03:59,7736572298751181
vae_inference/0.wav,vae_inference_peak/834.wav,True,16/03/2024 08:04:07,7736572298751181
gan_inference/15.wav,audio_from_peak_processed/XC338440.wav,False,16/03/2024 08:04:15,7736572298751181
vae_inference/772.wav,vae_inference_peak/343.wav,False,16/03/2024 08:04:22,7736572298751181
gan_inference/790.wav,validation_audio/XC352937.wav,False,16/03/2024 08:04:30,7736572298751181
vae_inference_peak/980.wav,vaegan_inference/374.wav,False,16/03/2024 08:04:38,7736572298751181
vae_inference_peak/803.wav,audio_from_peak_processed/XC606999.wav,True,16/03/2024 08:04:48,7736572298751181
gan_inference/411.wav,vae_inference/592.wav,False,16/03/2024 08:04:55,7736572298751181
vae_inference_peak/1006.wav,audio_from_peak_processed/XC353954.wav,True,16/03/2024 14:28:27,7736572298751181
vae_inference/555.wav,validation_audio/XC661822.wav,False,16/03/2024 14:28:33,7736572298751181
validation_audio/XC145090.wav,gan_inference/535.wav,False,16/03/2024 15:46:23,6459754228779386
audio_from_peak_processed/XC316704.wav,validation_audio/XC281973.wav,False,16/03/2024 15:46:31,6459754228779386
vaegan_inference/283.wav,validation_audio/XC628314.wav,False,16/03/2024 15:46:40,6459754228779386
gan_inference/240.wav,vae_inference_peak/128.wav,False,16/03/2024 15:46:46,6459754228779386
gan_inference/295.wav,audio_from_peak_processed/XC498553.wav,False,16/03/2024 15:46:52,6459754228779386
gan_inference/986.wav,vae_inference_peak/252.wav,False,16/03/2024 15:47:04,6459754228779386
validation_audio/XC709614.wav,gan_inference/109.wav,True,16/03/2024 15:47:11,6459754228779386
validation_audio/XC483832.wav,gan_inference/775.wav,True,16/03/2024 15:47:16,6459754228779386
vae_inference/446.wav,audio_from_peak_processed/XC153494.wav,False,16/03/2024 15:47:21,6459754228779386
vae_inference/480.wav,vae_inference_peak/294.wav,True,16/03/2024 15:57:16,6459754228779386
gan_inference/937.wav,vaegan_inference/639.wav,True,16/03/2024 15:57:25,6459754228779386
audio_from_peak_processed/XC675536.wav,vaegan_inference/896.wav,True,16/03/2024 15:57:30,6459754228779386
vaegan_inference/521.wav,validation_audio/XC594010.wav,True,16/03/2024 15:57:35,6459754228779386
vae_inference/772.wav,vae_inference_peak/815.wav,True,16/03/2024 15:57:48,6459754228779386
vaegan_inference/637.wav,vae_inference_peak/843.wav,True,16/03/2024 15:57:54,6459754228779386
vaegan_inference/738.wav,vae_inference_peak/401.wav,True,16/03/2024 15:58:00,6459754228779386
vaegan_inference/273.wav,gan_inference/268.wav,True,16/03/2024 15:58:06,6459754228779386
audio_from_peak_processed/XC316704.wav,validation_audio/XC706941.wav,True,16/03/2024 15:58:11,6459754228779386
vae_inference_peak/361.wav,vaegan_inference/619.wav,True,16/03/2024 15:58:16,6459754228779386
vae_inference/793.wav,vaegan_inference/782.wav,True,16/03/2024 15:58:22,6459754228779386
validation_audio/XC298305.wav,vaegan_inference/238.wav,True,16/03/2024 15:58:28,6459754228779386
audio_from_peak_processed/XC716872.wav,vae_inference_peak/880.wav,True,16/03/2024 15:58:34,6459754228779386
vae_inference_peak/1023.wav,validation_audio/XC424180.wav,True,16/03/2024 15:58:41,6459754228779386
validation_audio/XC692762.wav,gan_inference/567.wav,True,16/03/2024 15:58:47,6459754228779386
vae_inference_peak/771.wav,vaegan_inference/805.wav,True,16/03/2024 15:58:52,6459754228779386
gan_inference/735.wav,vae_inference/8.wav,False,16/03/2024 15:58:59,6459754228779386
vae_inference/979.wav,audio_from_peak_processed/XC753194.wav,False,16/03/2024 15:59:04,6459754228779386
vae_inference/64.wav,audio_from_peak_processed/XC453351.wav,False,16/03/2024 15:59:11,6459754228779386
gan_inference/590.wav,vae_inference/498.wav,False,16/03/2024 16:04:35,6459754228779386
vae_inference_peak/741.wav,vaegan_inference/290.wav,True,16/03/2024 16:04:48,6459754228779386
vae_inference/396.wav,gan_inference/976.wav,True,16/03/2024 16:04:55,6459754228779386
vae_inference_peak/349.wav,validation_audio/XC537456.wav,False,16/03/2024 16:05:05,6459754228779386
validation_audio/XC381734.wav,vaegan_inference/754.wav,True,16/03/2024 16:05:16,6459754228779386
gan_inference/907.wav,vae_inference/678.wav,True,16/03/2024 16:05:29,6459754228779386
gan_inference/847.wav,validation_audio/XC585243.wav,False,16/03/2024 16:05:35,6459754228779386
vae_inference/381.wav,validation_audio/XC193602.wav,True,16/03/2024 16:05:45,6459754228779386
validation_audio/XC25661.wav,vae_inference/558.wav,True,16/03/2024 16:05:59,6459754228779386
validation_audio/XC587008.wav,vaegan_inference/244.wav,True,16/03/2024 16:06:03,6459754228779386
vaegan_inference/510.wav,audio_from_peak_processed/XC432214.wav,True,16/03/2024 16:06:15,6459754228779386
validation_audio/XC494894.wav,audio_from_peak_processed/XC735229.wav,False,16/03/2024 16:06:26,6459754228779386
vae_inference_peak/71.wav,gan_inference/665.wav,False,16/03/2024 16:09:35,6459754228779386
validation_audio/XC634072.wav,audio_from_peak_processed/XC375388.wav,True,16/03/2024 16:09:41,6459754228779386
audio_from_peak_processed/XC317870.wav,vae_inference/140.wav,True,16/03/2024 16:09:51,6459754228779386
vae_inference/20.wav,validation_audio/XC655815.wav,True,16/03/2024 16:09:56,6459754228779386
validation_audio/XC588375.wav,vaegan_inference/79.wav,True,16/03/2024 16:10:01,6459754228779386
gan_inference/737.wav,vae_inference_peak/494.wav,True,16/03/2024 16:10:09,6459754228779386
vae_inference/793.wav,gan_inference/768.wav,True,16/03/2024 16:10:15,6459754228779386
gan_inference/49.wav,validation_audio/XC670441.wav,False,16/03/2024 16:10:23,6459754228779386
vae_inference/758.wav,vae_inference_peak/644.wav,True,16/03/2024 16:10:27,6459754228779386
vae_inference/986.wav,validation_audio/XC690136.wav,True,16/03/2024 16:10:33,6459754228779386
gan_inference/841.wav,validation_audio/XC322170.wav,False,16/03/2024 16:10:44,6459754228779386
vae_inference_peak/866.wav,audio_from_peak_processed/XC322709.wav,True,16/03/2024 16:10:49,6459754228779386
vae_inference_peak/816.wav,validation_audio/XC672984.wav,False,16/03/2024 16:10:56,6459754228779386
vaegan_inference/1004.wav,validation_audio/XC281981.wav,True,16/03/2024 16:11:12,6459754228779386
vae_inference/118.wav,validation_audio/XC675776.wav,False,16/03/2024 16:11:17,6459754228779386
vae_inference/193.wav,vae_inference_peak/1007.wav,False,16/03/2024 16:11:22,6459754228779386
validation_audio/XC675589.wav,vae_inference/400.wav,False,16/03/2024 16:11:28,6459754228779386
vae_inference/173.wav,audio_from_peak_processed/XC574208.wav,False,16/03/2024 16:13:11,6459754228779386
vae_inference_peak/192.wav,validation_audio/XC471747.wav,False,16/03/2024 16:13:17,6459754228779386
vae_inference/997.wav,vaegan_inference/955.wav,False,16/03/2024 16:13:23,6459754228779386
audio_from_peak_processed/XC735229.wav,vae_inference/75.wav,False,16/03/2024 16:13:29,6459754228779386
validation_audio/XC375877.wav,gan_inference/82.wav,True,16/03/2024 16:13:38,6459754228779386
audio_from_peak_processed/XC207978.wav,vaegan_inference/472.wav,True,16/03/2024 16:13:41,6459754228779386
vaegan_inference/732.wav,vae_inference/413.wav,True,16/03/2024 16:13:49,6459754228779386
validation_audio/XC363792.wav,audio_from_peak_processed/XC153494.wav,False,16/03/2024 16:13:57,6459754228779386
vaegan_inference/433.wav,gan_inference/836.wav,True,16/03/2024 16:14:06,6459754228779386
vae_inference/333.wav,validation_audio/XC523446.wav,True,16/03/2024 16:14:13,6459754228779386
audio_from_peak_processed/XC207775.wav,vae_inference_peak/773.wav,False,16/03/2024 16:14:22,6459754228779386
vaegan_inference/529.wav,audio_from_peak_processed/XC560353.wav,False,16/03/2024 16:14:28,6459754228779386
vaegan_inference/933.wav,validation_audio/XC392065.wav,True,16/03/2024 16:14:35,6459754228779386
vae_inference_peak/471.wav,gan_inference/864.wav,False,16/03/2024 16:14:41,6459754228779386
audio_from_peak_processed/XC120611.wav,vae_inference_peak/585.wav,True,16/03/2024 16:41:45,9875989275813856
gan_inference/870.wav,vaegan_inference/408.wav,False,16/03/2024 16:41:52,9875989275813856
audio_from_peak_processed/XC619322.wav,vae_inference_peak/936.wav,True,16/03/2024 16:41:59,9875989275813856
gan_inference/5.wav,vaegan_inference/257.wav,False,16/03/2024 16:42:11,9875989275813856
gan_inference/1012.wav,audio_from_peak_processed/XC411731.wav,False,16/03/2024 16:42:29,9875989275813856
validation_audio/XC301462.wav,vae_inference/647.wav,True,16/03/2024 16:42:36,9875989275813856
validation_audio/XC590131.wav,vaegan_inference/792.wav,False,16/03/2024 16:42:50,9875989275813856
gan_inference/847.wav,vae_inference_peak/981.wav,False,16/03/2024 16:42:57,9875989275813856
audio_from_peak_processed/XC498553.wav,validation_audio/XC746603.wav,True,16/03/2024 16:43:03,9875989275813856
validation_audio/XC207994.wav,vaegan_inference/960.wav,True,16/03/2024 16:43:12,9875989275813856
gan_inference/344.wav,vaegan_inference/543.wav,False,16/03/2024 16:43:20,9875989275813856
vaegan_inference/982.wav,vae_inference/436.wav,True,16/03/2024 16:43:27,9875989275813856
vaegan_inference/380.wav,gan_inference/394.wav,True,16/03/2024 16:43:35,9875989275813856
vaegan_inference/350.wav,validation_audio/XC309704.wav,False,16/03/2024 16:43:51,9875989275813856
vae_inference_peak/784.wav,validation_audio/XC471950.wav,False,16/03/2024 16:43:59,9875989275813856
gan_inference/933.wav,audio_from_peak_processed/XC488714.wav,True,16/03/2024 16:44:10,9875989275813856
vae_inference_peak/311.wav,gan_inference/19.wav,False,16/03/2024 16:44:17,9875989275813856
vae_inference_peak/368.wav,validation_audio/XC659842.wav,True,16/03/2024 16:44:25,9875989275813856
validation_audio/XC487434.wav,vae_inference/351.wav,True,16/03/2024 16:44:34,9875989275813856
validation_audio/XC645358.wav,gan_inference/839.wav,False,16/03/2024 16:44:52,9875989275813856
validation_audio/XC179514.wav,gan_inference/277.wav,False,16/03/2024 16:44:59,9875989275813856
audio_from_peak_processed/XC282633.wav,vae_inference/769.wav,True,16/03/2024 16:45:06,9875989275813856
vae_inference_peak/721.wav,audio_from_peak_processed/XC480866.wav,False,16/03/2024 16:45:13,9875989275813856
vae_inference_peak/972.wav,vaegan_inference/297.wav,False,16/03/2024 16:45:21,9875989275813856
vae_inference_peak/234.wav,vaegan_inference/488.wav,True,16/03/2024 16:45:29,9875989275813856
validation_audio/XC507306.wav,vaegan_inference/1004.wav,True,16/03/2024 16:45:35,9875989275813856
audio_from_peak_processed/XC675536.wav,gan_inference/542.wav,True,16/03/2024 16:45:44,9875989275813856
audio_from_peak_processed/XC747232.wav,vae_inference_peak/196.wav,False,16/03/2024 16:46:01,9875989275813856
gan_inference/275.wav,vaegan_inference/344.wav,True,16/03/2024 16:46:08,9875989275813856
audio_from_peak_processed/XC480394.wav,validation_audio/XC341218.wav,False,16/03/2024 16:46:25,9875989275813856
validation_audio/XC443720.wav,audio_from_peak_processed/XC253851.wav,False,16/03/2024 16:46:34,9875989275813856
gan_inference/333.wav,vae_inference/339.wav,False,16/03/2024 16:46:45,9875989275813856
gan_inference/443.wav,vae_inference_peak/110.wav,False,16/03/2024 16:46:58,9875989275813856
vae_inference_peak/169.wav,gan_inference/412.wav,True,16/03/2024 16:47:47,9875989275813856
audio_from_peak_processed/XC492326.wav,validation_audio/XC606275.wav,False,16/03/2024 16:47:55,9875989275813856
vaegan_inference/66.wav,gan_inference/35.wav,False,16/03/2024 16:48:14,9875989275813856
vae_inference/888.wav,validation_audio/XC431890.wav,True,16/03/2024 16:48:22,9875989275813856
vae_inference_peak/453.wav,vaegan_inference/974.wav,False,16/03/2024 16:48:31,9875989275813856
vae_inference_peak/864.wav,validation_audio/XC144856.wav,False,16/03/2024 16:48:40,9875989275813856
validation_audio/XC340514.wav,vaegan_inference/240.wav,False,16/03/2024 16:48:48,9875989275813856
validation_audio/XC420479.wav,vae_inference_peak/847.wav,True,16/03/2024 16:48:56,9875989275813856
vaegan_inference/797.wav,audio_from_peak_processed/XC482891.wav,False,16/03/2024 16:49:08,9875989275813856
gan_inference/470.wav,vae_inference/519.wav,False,16/03/2024 16:51:41,9875989275813856
vae_inference_peak/301.wav,gan_inference/613.wav,True,16/03/2024 16:51:49,9875989275813856
validation_audio/XC136286.wav,audio_from_peak_processed/XC440462.wav,False,16/03/2024 16:51:56,9875989275813856
validation_audio/XC557770.wav,vae_inference/458.wav,True,16/03/2024 16:52:04,9875989275813856
vae_inference/591.wav,validation_audio/XC650409.wav,False,16/03/2024 16:52:11,9875989275813856
gan_inference/965.wav,audio_from_peak_processed/XC336385.wav,False,16/03/2024 16:52:21,9875989275813856
audio_from_peak_processed/XC360353.wav,vae_inference_peak/764.wav,False,16/03/2024 16:52:32,9875989275813856
vae_inference_peak/358.wav,audio_from_peak_processed/XC314056.wav,True,16/03/2024 16:52:40,9875989275813856
vaegan_inference/67.wav,vae_inference_peak/734.wav,False,16/03/2024 16:52:48,9875989275813856
audio_from_peak_processed/XC718345.wav,vae_inference_peak/655.wav,True,16/03/2024 16:52:57,9875989275813856
validation_audio/XC201249.wav,vae_inference_peak/410.wav,False,16/03/2024 16:53:19,9875989275813856
vaegan_inference/30.wav,gan_inference/18.wav,False,16/03/2024 16:53:26,9875989275813856
vae_inference_peak/485.wav,vae_inference/678.wav,True,16/03/2024 16:53:34,9875989275813856
vae_inference_peak/714.wav,vaegan_inference/791.wav,True,16/03/2024 17:00:30,9875989275813856
vae_inference/262.wav,vae_inference_peak/458.wav,False,16/03/2024 17:00:38,9875989275813856
vae_inference_peak/967.wav,validation_audio/XC236860.wav,False,16/03/2024 17:00:48,9875989275813856
validation_audio/XC509304.wav,vaegan_inference/429.wav,True,16/03/2024 17:00:55,9875989275813856
validation_audio/XC411319.wav,vae_inference_peak/415.wav,False,16/03/2024 17:01:02,9875989275813856
vae_inference_peak/657.wav,validation_audio/XC305754.wav,False,16/03/2024 17:01:13,9875989275813856
audio_from_peak_processed/XC444679.wav,vaegan_inference/882.wav,False,16/03/2024 17:01:23,9875989275813856
vaegan_inference/615.wav,vae_inference_peak/226.wav,False,16/03/2024 17:01:31,9875989275813856
vae_inference_peak/675.wav,vaegan_inference/472.wav,True,16/03/2024 17:01:44,9875989275813856
validation_audio/XC188332.wav,vae_inference/363.wav,True,16/03/2024 17:01:52,9875989275813856
vae_inference/354.wav,gan_inference/850.wav,False,16/03/2024 17:02:01,9875989275813856
gan_inference/838.wav,vaegan_inference/437.wav,False,16/03/2024 17:02:09,9875989275813856
gan_inference/961.wav,validation_audio/XC634020.wav,True,16/03/2024 17:02:20,9875989275813856
vae_inference_peak/848.wav,vae_inference/408.wav,True,16/03/2024 17:02:36,9875989275813856
gan_inference/264.wav,vae_inference_peak/758.wav,True,16/03/2024 17:02:42,9875989275813856
validation_audio/XC586510.wav,vae_inference_peak/976.wav,True,16/03/2024 17:02:56,9875989275813856
vae_inference_peak/872.wav,vae_inference/446.wav,False,16/03/2024 17:03:13,9875989275813856
validation_audio/XC585243.wav,vaegan_inference/282.wav,True,16/03/2024 17:03:20,9875989275813856
vae_inference_peak/686.wav,vae_inference/1011.wav,False,16/03/2024 17:03:39,9875989275813856
vae_inference_peak/296.wav,vae_inference/540.wav,True,16/03/2024 17:03:52,9875989275813856
audio_from_peak_processed/XC607156.wav,vae_inference_peak/528.wav,True,16/03/2024 17:03:59,9875989275813856
vae_inference_peak/718.wav,gan_inference/427.wav,False,16/03/2024 17:04:10,9875989275813856
validation_audio/XC460515.wav,vae_inference_peak/22.wav,True,16/03/2024 17:04:25,9875989275813856
vaegan_inference/682.wav,validation_audio/XC567939.wav,True,16/03/2024 17:04:35,9875989275813856
audio_from_peak_processed/XC364646.wav,gan_inference/419.wav,True,16/03/2024 17:04:43,9875989275813856
validation_audio/XC387149.wav,gan_inference/727.wav,True,16/03/2024 17:04:54,9875989275813856
vae_inference/100.wav,validation_audio/XC643933.wav,False,16/03/2024 17:05:02,9875989275813856
vaegan_inference/875.wav,vae_inference_peak/795.wav,False,16/03/2024 17:05:11,9875989275813856
gan_inference/769.wav,validation_audio/XC477902.wav,False,16/03/2024 17:05:22,9875989275813856
audio_from_peak_processed/XC667150.wav,vae_inference_peak/422.wav,False,16/03/2024 17:05:31,9875989275813856
vae_inference_peak/397.wav,gan_inference/934.wav,True,16/03/2024 17:06:35,9875989275813856
vae_inference/75.wav,gan_inference/419.wav,True,16/03/2024 17:06:48,9875989275813856
audio_from_peak_processed/XC418701.wav,gan_inference/826.wav,True,16/03/2024 17:06:55,9875989275813856
validation_audio/XC307176.wav,vae_inference_peak/357.wav,True,16/03/2024 17:07:02,9875989275813856
vaegan_inference/724.wav,gan_inference/627.wav,True,16/03/2024 17:07:10,9875989275813856
gan_inference/110.wav,validation_audio/XC204537.wav,False,16/03/2024 17:07:18,9875989275813856
vaegan_inference/818.wav,audio_from_peak_processed/XC461776.wav,False,16/03/2024 17:20:38,9875989275813856
audio_from_peak_processed/XC366023.wav,vae_inference_peak/910.wav,True,16/03/2024 17:20:54,9875989275813856
audio_from_peak_processed/XC503400.wav,vae_inference/87.wav,False,16/03/2024 17:21:02,9875989275813856
audio_from_peak_processed/XC426249.wav,vae_inference/698.wav,True,16/03/2024 17:21:10,9875989275813856
audio_from_peak_processed/XC202635.wav,vae_inference/783.wav,False,16/03/2024 17:21:19,9875989275813856
gan_inference/742.wav,audio_from_peak_processed/XC455629.wav,False,16/03/2024 17:21:28,9875989275813856
gan_inference/870.wav,validation_audio/XC409992.wav,False,16/03/2024 17:21:38,9875989275813856
validation_audio/XC723785.wav,vaegan_inference/627.wav,False,16/03/2024 17:21:47,9875989275813856
vae_inference_peak/471.wav,gan_inference/845.wav,False,16/03/2024 17:21:55,9875989275813856
audio_from_peak_processed/XC672912.wav,vae_inference_peak/40.wav,False,16/03/2024 17:22:03,9875989275813856
gan_inference/712.wav,vae_inference_peak/155.wav,True,16/03/2024 17:22:13,9875989275813856
gan_inference/998.wav,vaegan_inference/655.wav,True,16/03/2024 17:22:25,9875989275813856
vae_inference_peak/628.wav,vaegan_inference/500.wav,False,16/03/2024 17:22:36,9875989275813856
vae_inference/338.wav,validation_audio/XC717402.wav,True,16/03/2024 17:22:46,9875989275813856
vae_inference_peak/219.wav,vae_inference/79.wav,False,16/03/2024 17:23:00,9875989275813856
gan_inference/967.wav,audio_from_peak_processed/XC336397.wav,False,16/03/2024 17:23:13,9875989275813856
vaegan_inference/188.wav,vae_inference_peak/588.wav,False,16/03/2024 17:23:22,9875989275813856
audio_from_peak_processed/XC666153.wav,validation_audio/XC146451.wav,True,16/03/2024 17:23:33,9875989275813856
vaegan_inference/990.wav,validation_audio/XC378610.wav,True,16/03/2024 17:23:41,9875989275813856
validation_audio/XC124657.wav,vae_inference/232.wav,True,16/03/2024 18:27:49,1399236811069005
vae_inference_peak/1020.wav,vae_inference/349.wav,True,16/03/2024 18:27:57,1399236811069005
vaegan_inference/57.wav,validation_audio/XC279735.wav,True,16/03/2024 18:28:03,1399236811069005
vae_inference_peak/796.wav,vaegan_inference/827.wav,False,16/03/2024 18:28:12,1399236811069005
validation_audio/XC668264.wav,vaegan_inference/446.wav,False,16/03/2024 18:28:18,1399236811069005
vae_inference_peak/363.wav,vaegan_inference/295.wav,True,16/03/2024 18:28:27,1399236811069005
validation_audio/XC169710.wav,vaegan_inference/266.wav,True,16/03/2024 18:28:46,7225639258111145
validation_audio/XC699821.wav,vae_inference/547.wav,True,16/03/2024 18:28:54,7225639258111145
vae_inference_peak/773.wav,gan_inference/104.wav,True,16/03/2024 18:29:09,4778749654832780
audio_from_peak_processed/XC379716.wav,validation_audio/XC477387.wav,False,16/03/2024 18:29:16,4778749654832780
vaegan_inference/455.wav,gan_inference/459.wav,True,16/03/2024 18:29:22,4778749654832780
validation_audio/XC290136.wav,gan_inference/952.wav,False,16/03/2024 18:29:28,4778749654832780
vaegan_inference/728.wav,gan_inference/84.wav,True,16/03/2024 18:29:33,4778749654832780
vaegan_inference/320.wav,gan_inference/651.wav,True,16/03/2024 18:29:38,4778749654832780
gan_inference/584.wav,vaegan_inference/377.wav,False,16/03/2024 18:29:44,4778749654832780
gan_inference/622.wav,vaegan_inference/543.wav,False,16/03/2024 18:29:50,4778749654832780
vae_inference/201.wav,validation_audio/XC239828.wav,False,16/03/2024 18:29:55,4778749654832780
validation_audio/XC201198.wav,gan_inference/911.wav,False,16/03/2024 18:30:00,4778749654832780
vae_inference/504.wav,validation_audio/XC142990.wav,False,16/03/2024 18:30:34,7513935824256060
validation_audio/XC500534.wav,vaegan_inference/572.wav,True,16/03/2024 18:30:42,7513935824256060
vae_inference_peak/389.wav,validation_audio/XC714988.wav,False,16/03/2024 18:30:51,7513935824256060
audio_from_peak_processed/XC294861.wav,vae_inference_peak/615.wav,True,16/03/2024 18:30:57,7513935824256060
vae_inference/240.wav,audio_from_peak_processed/XC614367.wav,False,16/03/2024 18:31:05,7513935824256060
gan_inference/26.wav,validation_audio/XC385282.wav,True,16/03/2024 18:31:17,7513935824256060
vae_inference/323.wav,validation_audio/XC498611.wav,True,16/03/2024 18:35:38,4593068807603397
audio_from_peak_processed/XC412604.wav,vaegan_inference/812.wav,False,16/03/2024 18:36:16,0020665988403988
gan_inference/400.wav,vae_inference/237.wav,True,16/03/2024 18:36:26,0020665988403988
validation_audio/XC719785.wav,gan_inference/674.wav,True,16/03/2024 18:36:55,0020665988403988
vae_inference_peak/116.wav,audio_from_peak_processed/XC447027.wav,False,16/03/2024 18:37:16,0020665988403988
vaegan_inference/708.wav,audio_from_peak_processed/XC444461.wav,True,16/03/2024 18:37:18,0020665988403988
validation_audio/XC188929.wav,vae_inference/508.wav,False,16/03/2024 18:37:27,0020665988403988
vaegan_inference/427.wav,vae_inference/902.wav,False,16/03/2024 18:56:22,3873254127118359
validation_audio/XC465125.wav,vaegan_inference/857.wav,True,16/03/2024 18:56:35,3873254127118359
vaegan_inference/272.wav,vae_inference/226.wav,False,16/03/2024 18:57:29,3873254127118359
vaegan_inference/642.wav,vae_inference_peak/60.wav,False,16/03/2024 18:57:40,3873254127118359
audio_from_peak_processed/XC381489.wav,vae_inference_peak/64.wav,True,16/03/2024 18:58:53,3873254127118359
vae_inference_peak/241.wav,vae_inference/380.wav,True,16/03/2024 18:59:21,3873254127118359
audio_from_peak_processed/XC179163.wav,vaegan_inference/284.wav,False,16/03/2024 19:59:17,2277156334608233
vae_inference_peak/946.wav,gan_inference/676.wav,True,16/03/2024 19:59:23,2277156334608233
vae_inference/93.wav,audio_from_peak_processed/XC610243.wav,False,16/03/2024 19:59:29,2277156334608233
vae_inference_peak/509.wav,validation_audio/XC417556.wav,True,16/03/2024 19:59:37,2277156334608233
vae_inference/527.wav,vaegan_inference/381.wav,False,16/03/2024 19:59:44,2277156334608233
vae_inference_peak/523.wav,vaegan_inference/559.wav,True,16/03/2024 19:59:57,2277156334608233
vae_inference/39.wav,vaegan_inference/325.wav,False,16/03/2024 20:00:06,2277156334608233
vae_inference_peak/197.wav,audio_from_peak_processed/XC431503.wav,False,16/03/2024 20:00:10,2277156334608233
validation_audio/XC749038.wav,vae_inference_peak/614.wav,False,16/03/2024 20:00:17,2277156334608233
validation_audio/XC268577.wav,audio_from_peak_processed/XC42427.wav,False,16/03/2024 20:00:24,2277156334608233
vae_inference_peak/728.wav,vae_inference/897.wav,True,16/03/2024 20:01:00,2277156334608233
audio_from_peak_processed/XC415547.wav,vae_inference/636.wav,True,16/03/2024 20:01:10,2277156334608233
gan_inference/994.wav,vae_inference/336.wav,True,16/03/2024 20:01:27,2277156334608233
vaegan_inference/472.wav,vae_inference_peak/163.wav,True,16/03/2024 20:17:48,6095470667272923
vae_inference_peak/641.wav,vaegan_inference/593.wav,True,16/03/2024 20:17:59,6095470667272923
vaegan_inference/779.wav,vae_inference/29.wav,True,16/03/2024 20:18:05,6095470667272923
vae_inference/98.wav,gan_inference/729.wav,True,16/03/2024 20:21:43,9891870080101223
vaegan_inference/184.wav,validation_audio/XC459326.wav,False,16/03/2024 20:21:52,9891870080101223
validation_audio/XC268577.wav,audio_from_peak_processed/XC342535.wav,True,16/03/2024 20:21:59,9891870080101223
vaegan_inference/637.wav,gan_inference/304.wav,True,16/03/2024 20:22:06,9891870080101223
validation_audio/XC462051.wav,gan_inference/247.wav,True,16/03/2024 20:22:13,9891870080101223
vae_inference_peak/514.wav,vae_inference/663.wav,True,16/03/2024 20:22:20,9891870080101223
gan_inference/771.wav,validation_audio/XC193602.wav,False,16/03/2024 20:22:39,9891870080101223
audio_from_peak_processed/XC392008.wav,vae_inference/933.wav,True,16/03/2024 20:22:45,9891870080101223
validation_audio/XC556754.wav,vae_inference/622.wav,False,16/03/2024 20:24:44,7402389116481491
vae_inference_peak/946.wav,vae_inference/50.wav,True,16/03/2024 20:24:50,7402389116481491
gan_inference/908.wav,vaegan_inference/708.wav,True,16/03/2024 20:25:09,6932384835080675
vae_inference_peak/166.wav,vaegan_inference/950.wav,True,16/03/2024 20:25:15,6932384835080675
vae_inference_peak/176.wav,validation_audio/XC393448.wav,True,16/03/2024 20:25:25,6932384835080675
validation_audio/XC45691.wav,audio_from_peak_processed/XC687077.wav,False,16/03/2024 20:25:31,6932384835080675
vae_inference_peak/89.wav,vae_inference/710.wav,False,16/03/2024 20:25:49,6922769375176261
audio_from_peak_processed/XC532770.wav,vae_inference/85.wav,True,16/03/2024 20:25:55,6922769375176261
validation_audio/XC393627.wav,vae_inference/224.wav,True,16/03/2024 20:26:03,6922769375176261
vae_inference/442.wav,validation_audio/XC474299.wav,False,16/03/2024 20:26:12,6922769375176261
gan_inference/661.wav,vae_inference/881.wav,False,16/03/2024 20:26:19,6922769375176261
vae_inference_peak/37.wav,validation_audio/XC217556.wav,True,16/03/2024 20:26:27,0522311013601976
vae_inference/547.wav,vae_inference_peak/863.wav,False,16/03/2024 20:26:36,0522311013601976
vae_inference_peak/60.wav,audio_from_peak_processed/XC355733.wav,False,16/03/2024 20:28:40,8746929955993100
vae_inference_peak/483.wav,audio_from_peak_processed/XC336397.wav,False,16/03/2024 20:28:45,8746929955993100
vaegan_inference/316.wav,gan_inference/837.wav,True,16/03/2024 20:28:51,8746929955993100
vae_inference/419.wav,gan_inference/594.wav,False,16/03/2024 20:28:57,8746929955993100
audio_from_peak_processed/XC503255.wav,vae_inference/641.wav,True,16/03/2024 20:29:09,8746929955993100
audio_from_peak_processed/XC640964.wav,validation_audio/XC307315.wav,False,16/03/2024 20:29:15,8746929955993100
validation_audio/XC418450.wav,vae_inference/586.wav,False,16/03/2024 20:29:21,8746929955993100
validation_audio/XC438331.wav,audio_from_peak_processed/XC607235.wav,False,16/03/2024 20:29:27,8746929955993100
vae_inference_peak/427.wav,vae_inference/63.wav,True,16/03/2024 20:29:35,8746929955993100
audio_from_peak_processed/XC379716.wav,vaegan_inference/133.wav,False,16/03/2024 20:30:08,0951150078022442
vaegan_inference/158.wav,validation_audio/XC586200.wav,True,16/03/2024 20:30:14,0951150078022442
gan_inference/811.wav,validation_audio/XC240898.wav,False,16/03/2024 20:30:21,0951150078022442
audio_from_peak_processed/XC756374.wav,vae_inference_peak/429.wav,False,16/03/2024 20:30:28,0951150078022442
gan_inference/338.wav,vae_inference_peak/170.wav,False,16/03/2024 20:30:34,0951150078022442
vae_inference_peak/86.wav,gan_inference/880.wav,False,16/03/2024 20:30:40,0951150078022442
gan_inference/694.wav,vaegan_inference/333.wav,False,16/03/2024 20:30:47,0951150078022442
vae_inference/975.wav,vaegan_inference/306.wav,False,16/03/2024 20:30:54,0951150078022442
audio_from_peak_processed/XC212517.wav,vaegan_inference/98.wav,True,16/03/2024 20:31:01,0951150078022442
validation_audio/XC675776.wav,audio_from_peak_processed/XC560353.wav,True,16/03/2024 20:31:12,0951150078022442
vae_inference_peak/1017.wav,vae_inference/306.wav,True,16/03/2024 20:31:19,0951150078022442
validation_audio/XC697676.wav,vae_inference/592.wav,False,16/03/2024 20:31:26,0951150078022442
validation_audio/XC156639.wav,audio_from_peak_processed/XC468694.wav,False,16/03/2024 20:31:40,0370466053863373
vae_inference/158.wav,audio_from_peak_processed/XC267330.wav,True,16/03/2024 20:35:11,0474092024262737
vae_inference_peak/167.wav,audio_from_peak_processed/XC425957.wav,True,16/03/2024 20:35:12,0474092024262737
vaegan_inference/920.wav,validation_audio/XC658254.wav,True,16/03/2024 20:35:13,0474092024262737
vae_inference_peak/476.wav,audio_from_peak_processed/XC294022.wav,True,16/03/2024 20:35:14,0474092024262737
audio_from_peak_processed/XC375388.wav,vaegan_inference/5.wav,True,16/03/2024 20:35:14,0474092024262737
vaegan_inference/80.wav,validation_audio/XC393823.wav,True,16/03/2024 20:35:16,0474092024262737
gan_inference/319.wav,audio_from_peak_processed/XC288748.wav,True,16/03/2024 20:35:16,0474092024262737
vaegan_inference/961.wav,gan_inference/316.wav,True,16/03/2024 20:35:17,0474092024262737
gan_inference/648.wav,vae_inference_peak/159.wav,True,16/03/2024 20:35:18,0474092024262737
vaegan_inference/976.wav,validation_audio/XC500677.wav,True,16/03/2024 21:59:00,7878383214564609
vae_inference_peak/468.wav,vaegan_inference/553.wav,False,16/03/2024 21:59:11,7878383214564609
audio_from_peak_processed/XC601813.wav,vaegan_inference/557.wav,True,16/03/2024 21:59:22,6988446358207302
vaegan_inference/674.wav,audio_from_peak_processed/XC153873.wav,True,16/03/2024 21:59:52,5931368551097084
vaegan_inference/397.wav,vae_inference/734.wav,True,16/03/2024 22:00:00,5931368551097084
gan_inference/677.wav,validation_audio/XC515341.wav,False,16/03/2024 22:00:20,3912718119265332
vae_inference_peak/863.wav,gan_inference/206.wav,False,16/03/2024 22:00:29,3912718119265332
vae_inference/325.wav,audio_from_peak_processed/XC614367.wav,False,16/03/2024 22:00:42,3912718119265332
vaegan_inference/821.wav,gan_inference/228.wav,False,16/03/2024 22:00:49,3912718119265332
validation_audio/XC513385.wav,vae_inference/585.wav,False,16/03/2024 22:00:56,3912718119265332
vae_inference_peak/954.wav,audio_from_peak_processed/XC272284.wav,False,16/03/2024 22:01:06,3912718119265332
vae_inference_peak/54.wav,audio_from_peak_processed/XC317870.wav,False,16/03/2024 22:01:14,3912718119265332
audio_from_peak_processed/XC124898.wav,vae_inference_peak/455.wav,True,16/03/2024 22:01:21,3912718119265332
audio_from_peak_processed/XC594015.wav,validation_audio/XC432649.wav,True,16/03/2024 22:01:27,3912718119265332
vaegan_inference/310.wav,vae_inference/1013.wav,False,16/03/2024 22:01:34,3912718119265332
vaegan_inference/43.wav,vae_inference/200.wav,True,16/03/2024 22:01:42,3912718119265332
vae_inference_peak/640.wav,audio_from_peak_processed/XC178024.wav,False,16/03/2024 22:01:52,3912718119265332
validation_audio/XC494897.wav,vaegan_inference/687.wav,False,16/03/2024 22:02:03,3912718119265332
gan_inference/133.wav,vae_inference/689.wav,True,16/03/2024 22:02:12,3912718119265332
audio_from_peak_processed/XC145711.wav,vae_inference_peak/582.wav,False,16/03/2024 22:02:40,4243192096348772
gan_inference/724.wav,validation_audio/XC577168.wav,False,16/03/2024 22:02:49,4243192096348772
audio_from_peak_processed/XC533909.wav,vae_inference/386.wav,False,16/03/2024 22:03:00,4243192096348772
vae_inference/774.wav,audio_from_peak_processed/XC747232.wav,True,16/03/2024 22:03:08,4243192096348772
vae_inference/929.wav,vaegan_inference/880.wav,True,16/03/2024 22:03:24,4243192096348772
validation_audio/XC326419.wav,vae_inference/836.wav,True,16/03/2024 22:03:48,3087966571490660
validation_audio/XC367872.wav,vaegan_inference/665.wav,False,16/03/2024 22:04:01,3087966571490660
vae_inference_peak/477.wav,gan_inference/267.wav,False,16/03/2024 22:04:10,3087966571490660
audio_from_peak_processed/XC447027.wav,vae_inference_peak/385.wav,True,16/03/2024 22:04:23,3087966571490660
validation_audio/XC54509.wav,audio_from_peak_processed/XC718465.wav,False,16/03/2024 22:04:45,9912571341134422
vae_inference/972.wav,gan_inference/288.wav,True,16/03/2024 22:04:54,9912571341134422
vae_inference_peak/959.wav,vae_inference/993.wav,True,16/03/2024 22:05:02,9912571341134422
audio_from_peak_processed/XC503400.wav,gan_inference/387.wav,False,17/03/2024 04:29:35,9210289536931253
validation_audio/XC499520.wav,vae_inference/914.wav,False,17/03/2024 04:29:42,9210289536931253
vae_inference/36.wav,audio_from_peak_processed/XC282059.wav,True,17/03/2024 04:29:49,9210289536931253
audio_from_peak_processed/XC489214.wav,validation_audio/XC591478.wav,True,17/03/2024 04:29:56,9210289536931253
validation_audio/XC143577.wav,vaegan_inference/434.wav,False,17/03/2024 04:30:04,9210289536931253
vae_inference/573.wav,gan_inference/238.wav,True,17/03/2024 04:30:05,9210289536931253
validation_audio/XC213652.wav,vae_inference_peak/43.wav,False,17/03/2024 04:30:06,9210289536931253
validation_audio/XC480810.wav,vae_inference/244.wav,True,17/03/2024 04:30:07,9210289536931253
vaegan_inference/642.wav,validation_audio/XC243474.wav,False,17/03/2024 04:30:07,9210289536931253
audio_from_peak_processed/XC262805.wav,validation_audio/XC157098.wav,True,17/03/2024 04:30:08,9210289536931253
audio_from_peak_processed/XC203654.wav,validation_audio/XC417163.wav,True,17/03/2024 04:30:08,9210289536931253
vae_inference/772.wav,vaegan_inference/280.wav,True,17/03/2024 04:30:09,9210289536931253
audio_from_peak_processed/XC686330.wav,vae_inference_peak/948.wav,True,17/03/2024 04:30:09,9210289536931253
vae_inference_peak/359.wav,audio_from_peak_processed/XC355733.wav,True,17/03/2024 04:30:09,9210289536931253
vaegan_inference/3.wav,vae_inference_peak/909.wav,True,17/03/2024 04:30:10,9210289536931253
validation_audio/XC234942.wav,gan_inference/737.wav,True,17/03/2024 04:30:10,9210289536931253
validation_audio/XC363488.wav,audio_from_peak_processed/XC196852.wav,True,17/03/2024 04:30:10,9210289536931253
validation_audio/XC481724.wav,vaegan_inference/1015.wav,True,17/03/2024 04:30:11,9210289536931253
audio_from_peak_processed/XC390253.wav,vaegan_inference/844.wav,True,17/03/2024 04:30:11,9210289536931253
validation_audio/XC431827.wav,vae_inference_peak/474.wav,True,17/03/2024 04:30:11,9210289536931253
validation_audio/XC454221.wav,vae_inference/773.wav,True,17/03/2024 04:30:12,9210289536931253
vaegan_inference/856.wav,vae_inference_peak/1001.wav,True,17/03/2024 04:30:12,9210289536931253
vae_inference/594.wav,vae_inference_peak/373.wav,True,17/03/2024 04:30:13,9210289536931253
vae_inference/13.wav,validation_audio/XC613310.wav,True,17/03/2024 04:30:13,9210289536931253
gan_inference/668.wav,vaegan_inference/278.wav,True,17/03/2024 04:30:13,9210289536931253
audio_from_peak_processed/XC153873.wav,vae_inference/921.wav,True,17/03/2024 04:30:14,9210289536931253
vae_inference/191.wav,audio_from_peak_processed/XC602928.wav,True,17/03/2024 04:30:14,9210289536931253
vae_inference/443.wav,gan_inference/40.wav,True,17/03/2024 04:30:14,9210289536931253
vaegan_inference/11.wav,validation_audio/XC510984.wav,True,17/03/2024 04:30:15,9210289536931253
gan_inference/501.wav,validation_audio/XC247935.wav,True,17/03/2024 04:30:15,9210289536931253
validation_audio/XC749719.wav,audio_from_peak_processed/XC735229.wav,True,17/03/2024 04:30:16,9210289536931253
audio_from_peak_processed/XC664542.wav,validation_audio/XC464966.wav,True,17/03/2024 04:30:16,9210289536931253
validation_audio/XC695502.wav,vae_inference/906.wav,True,17/03/2024 04:30:16,9210289536931253
vaegan_inference/795.wav,vae_inference/545.wav,True,17/03/2024 04:30:17,9210289536931253
audio_from_peak_processed/XC42427.wav,validation_audio/XC419291.wav,True,17/03/2024 04:30:17,9210289536931253
audio_from_peak_processed/XC411731.wav,vaegan_inference/722.wav,True,17/03/2024 04:30:18,9210289536931253
vae_inference_peak/451.wav,audio_from_peak_processed/XC738269.wav,False,17/03/2024 04:30:18,9210289536931253
audio_from_peak_processed/XC665538.wav,vaegan_inference/192.wav,True,17/03/2024 04:30:19,9210289536931253
audio_from_peak_processed/XC753194.wav,vae_inference_peak/555.wav,False,17/03/2024 04:30:19,9210289536931253
gan_inference/931.wav,audio_from_peak_processed/XC147857.wav,False,17/03/2024 04:30:19,9210289536931253
validation_audio/XC363500.wav,vae_inference/237.wav,True,17/03/2024 04:30:19,9210289536931253
validation_audio/XC188328.wav,gan_inference/783.wav,False,17/03/2024 04:30:20,9210289536931253
vaegan_inference/783.wav,vae_inference_peak/46.wav,True,17/03/2024 04:30:20,9210289536931253
vaegan_inference/228.wav,gan_inference/746.wav,False,17/03/2024 04:30:20,9210289536931253
gan_inference/832.wav,vaegan_inference/46.wav,True,17/03/2024 04:30:20,9210289536931253
vae_inference_peak/702.wav,vae_inference/646.wav,False,17/03/2024 04:30:21,9210289536931253
vaegan_inference/952.wav,gan_inference/584.wav,False,17/03/2024 04:30:21,9210289536931253
audio_from_peak_processed/XC301452.wav,vaegan_inference/843.wav,True,17/03/2024 04:30:21,9210289536931253
validation_audio/XC725188.wav,vaegan_inference/636.wav,False,17/03/2024 04:30:21,9210289536931253
validation_audio/XC308177.wav,vae_inference/78.wav,True,17/03/2024 04:30:22,9210289536931253
validation_audio/XC67218.wav,vae_inference_peak/595.wav,False,17/03/2024 04:30:22,9210289536931253
gan_inference/797.wav,vae_inference_peak/101.wav,True,17/03/2024 04:30:22,9210289536931253
vae_inference/1004.wav,audio_from_peak_processed/XC364646.wav,False,17/03/2024 04:30:22,9210289536931253
validation_audio/XC113284.wav,vae_inference_peak/335.wav,True,17/03/2024 04:30:22,9210289536931253
audio_from_peak_processed/XC333375.wav,vaegan_inference/588.wav,False,17/03/2024 04:30:23,9210289536931253
vae_inference/735.wav,gan_inference/751.wav,True,17/03/2024 04:30:23,9210289536931253
validation_audio/XC162600.wav,audio_from_peak_processed/XC676771.wav,False,17/03/2024 04:30:23,9210289536931253
audio_from_peak_processed/XC613495.wav,vae_inference/514.wav,True,17/03/2024 04:30:24,9210289536931253
vae_inference_peak/683.wav,validation_audio/XC234943.wav,True,17/03/2024 04:30:24,9210289536931253
gan_inference/934.wav,vaegan_inference/331.wav,False,17/03/2024 04:30:24,9210289536931253
vae_inference_peak/116.wav,validation_audio/XC185035.wav,True,17/03/2024 04:30:25,9210289536931253
audio_from_peak_processed/XC294861.wav,vae_inference_peak/662.wav,False,17/03/2024 04:30:25,9210289536931253
vae_inference_peak/714.wav,audio_from_peak_processed/XC583953.wav,True,17/03/2024 04:30:25,9210289536931253
gan_inference/755.wav,vae_inference/900.wav,True,17/03/2024 04:30:25,9210289536931253
validation_audio/XC671576.wav,audio_from_peak_processed/XC582362.wav,False,17/03/2024 04:30:26,9210289536931253
vaegan_inference/151.wav,validation_audio/XC444050.wav,True,17/03/2024 04:30:26,9210289536931253
vae_inference/540.wav,gan_inference/863.wav,False,17/03/2024 04:30:26,9210289536931253
gan_inference/901.wav,vae_inference/513.wav,False,17/03/2024 04:30:27,9210289536931253
vaegan_inference/863.wav,vae_inference/883.wav,False,17/03/2024 04:30:27,9210289536931253
gan_inference/245.wav,audio_from_peak_processed/XC619322.wav,True,17/03/2024 04:30:27,9210289536931253
audio_from_peak_processed/XC429304.wav,vae_inference/419.wav,False,17/03/2024 04:30:28,9210289536931253
vae_inference/241.wav,gan_inference/510.wav,True,17/03/2024 04:30:29,9210289536931253
vae_inference/80.wav,audio_from_peak_processed/XC440462.wav,False,17/03/2024 04:30:29,9210289536931253
audio_from_peak_processed/XC333874.wav,vae_inference_peak/976.wav,True,17/03/2024 04:30:29,9210289536931253
vae_inference_peak/680.wav,vaegan_inference/464.wav,False,17/03/2024 04:30:30,9210289536931253
vaegan_inference/194.wav,validation_audio/XC268577.wav,False,17/03/2024 04:30:30,9210289536931253
validation_audio/XC333979.wav,audio_from_peak_processed/XC533393.wav,True,17/03/2024 04:30:30,9210289536931253
vae_inference_peak/672.wav,validation_audio/XC598341.wav,True,17/03/2024 04:30:31,9210289536931253
vae_inference/307.wav,vaegan_inference/281.wav,True,17/03/2024 04:30:31,9210289536931253
validation_audio/XC282696.wav,vaegan_inference/768.wav,True,17/03/2024 04:30:32,9210289536931253
vae_inference_peak/767.wav,vaegan_inference/767.wav,True,17/03/2024 04:30:32,9210289536931253
gan_inference/779.wav,vae_inference_peak/858.wav,True,17/03/2024 04:30:32,9210289536931253
vae_inference_peak/326.wav,audio_from_peak_processed/XC533909.wav,True,17/03/2024 04:30:33,9210289536931253
audio_from_peak_processed/XC394078.wav,validation_audio/XC588935.wav,False,17/03/2024 04:30:33,9210289536931253
gan_inference/88.wav,vae_inference_peak/29.wav,False,17/03/2024 04:30:33,9210289536931253
validation_audio/XC516560.wav,vaegan_inference/152.wav,False,17/03/2024 04:30:33,9210289536931253
vaegan_inference/588.wav,audio_from_peak_processed/XC235250.wav,False,17/03/2024 04:30:34,9210289536931253
gan_inference/373.wav,vae_inference/777.wav,True,17/03/2024 04:30:42,9210289536931253
audio_from_peak_processed/XC374427.wav,gan_inference/221.wav,True,17/03/2024 04:30:43,9210289536931253
audio_from_peak_processed/XC353957.wav,gan_inference/884.wav,True,17/03/2024 04:30:43,9210289536931253
vae_inference/69.wav,validation_audio/XC704473.wav,False,17/03/2024 04:30:44,9210289536931253
vaegan_inference/429.wav,gan_inference/908.wav,True,17/03/2024 04:30:57,5124823363845175
vaegan_inference/471.wav,vae_inference/839.wav,False,17/03/2024 04:30:57,5124823363845175
validation_audio/XC489247.wav,gan_inference/57.wav,True,17/03/2024 04:30:57,5124823363845175
vae_inference_peak/173.wav,audio_from_peak_processed/XC447165.wav,False,17/03/2024 04:30:58,5124823363845175
vae_inference_peak/210.wav,validation_audio/XC611828.wav,True,17/03/2024 04:30:58,5124823363845175
gan_inference/67.wav,vaegan_inference/197.wav,True,17/03/2024 04:30:58,5124823363845175
vaegan_inference/774.wav,validation_audio/XC201390.wav,False,17/03/2024 04:30:59,5124823363845175
vae_inference_peak/354.wav,audio_from_peak_processed/XC246375.wav,True,17/03/2024 04:30:59,5124823363845175
gan_inference/638.wav,audio_from_peak_processed/XC440462.wav,False,17/03/2024 04:30:59,5124823363845175
audio_from_peak_processed/XC666153.wav,gan_inference/593.wav,True,17/03/2024 04:30:59,5124823363845175
audio_from_peak_processed/XC342535.wav,vae_inference_peak/409.wav,True,17/03/2024 04:31:00,5124823363845175
gan_inference/601.wav,vaegan_inference/809.wav,False,17/03/2024 04:31:00,5124823363845175
vae_inference_peak/250.wav,audio_from_peak_processed/XC203037.wav,True,17/03/2024 04:31:01,5124823363845175
vae_inference/232.wav,gan_inference/96.wav,False,17/03/2024 04:31:01,5124823363845175
vae_inference/484.wav,audio_from_peak_processed/XC488714.wav,True,17/03/2024 04:31:07,5124823363845175
vae_inference_peak/570.wav,vae_inference/701.wav,True,17/03/2024 04:31:24,5124823363845175
vae_inference_peak/779.wav,gan_inference/909.wav,False,17/03/2024 12:29:46,8868654886514459
validation_audio/XC424181.wav,gan_inference/1021.wav,True,17/03/2024 12:29:56,8868654886514459
vae_inference_peak/605.wav,vaegan_inference/380.wav,False,17/03/2024 12:30:02,8868654886514459
audio_from_peak_processed/XC268107.wav,vae_inference/209.wav,False,17/03/2024 12:30:07,8868654886514459
vaegan_inference/114.wav,audio_from_peak_processed/XC299398.wav,True,17/03/2024 12:30:14,8868654886514459
vae_inference/662.wav,gan_inference/5.wav,True,17/03/2024 12:30:21,8868654886514459
gan_inference/431.wav,vaegan_inference/228.wav,True,17/03/2024 12:30:28,8868654886514459
audio_from_peak_processed/XC559619.wav,vaegan_inference/579.wav,True,17/03/2024 12:30:34,8868654886514459
vaegan_inference/331.wav,vae_inference_peak/90.wav,False,17/03/2024 12:30:40,8868654886514459
vae_inference/351.wav,audio_from_peak_processed/XC180279.wav,False,17/03/2024 12:30:45,8868654886514459
vae_inference_peak/539.wav,gan_inference/555.wav,True,17/03/2024 12:30:49,8868654886514459
vae_inference_peak/265.wav,validation_audio/XC658626.wav,True,17/03/2024 12:30:54,8868654886514459
vae_inference/85.wav,vaegan_inference/301.wav,False,17/03/2024 12:31:00,8868654886514459
vae_inference_peak/32.wav,vae_inference/254.wav,False,17/03/2024 12:31:05,8868654886514459
vae_inference_peak/713.wav,vaegan_inference/565.wav,True,17/03/2024 12:31:10,8868654886514459
validation_audio/XC474299.wav,audio_from_peak_processed/XC363822.wav,False,17/03/2024 12:31:16,8868654886514459
vae_inference_peak/163.wav,vaegan_inference/328.wav,True,17/03/2024 12:31:22,8868654886514459
vae_inference_peak/95.wav,vae_inference/316.wav,False,17/03/2024 12:31:27,8868654886514459
vaegan_inference/626.wav,vae_inference/448.wav,False,17/03/2024 12:31:31,8868654886514459
audio_from_peak_processed/XC297422.wav,vae_inference/5.wav,False,17/03/2024 12:31:35,8868654886514459
audio_from_peak_processed/XC537101.wav,gan_inference/299.wav,True,17/03/2024 12:31:49,8650378381583401
gan_inference/864.wav,audio_from_peak_processed/XC453351.wav,True,17/03/2024 12:31:53,8650378381583401
vae_inference_peak/1006.wav,gan_inference/833.wav,True,17/03/2024 12:31:58,8650378381583401
vae_inference/656.wav,audio_from_peak_processed/XC289490.wav,False,17/03/2024 12:32:02,8650378381583401
vae_inference/498.wav,audio_from_peak_processed/XC443712.wav,True,17/03/2024 12:32:13,9318893786038989
audio_from_peak_processed/XC554764.wav,gan_inference/354.wav,True,17/03/2024 12:32:44,2907891301108363
gan_inference/580.wav,vaegan_inference/302.wav,True,17/03/2024 12:32:57,7561326277290189
audio_from_peak_processed/XC663649.wav,vaegan_inference/151.wav,True,17/03/2024 12:33:02,7561326277290189
vae_inference_peak/630.wav,validation_audio/XC549560.wav,False,17/03/2024 12:33:08,7561326277290189
validation_audio/XC183079.wav,gan_inference/985.wav,True,17/03/2024 12:33:13,7561326277290189
validation_audio/XC519682.wav,vae_inference_peak/465.wav,True,17/03/2024 12:33:17,7561326277290189
validation_audio/XC487125.wav,audio_from_peak_processed/XC756803.wav,False,17/03/2024 12:33:24,7561326277290189
audio_from_peak_processed/XC390252.wav,vaegan_inference/456.wav,False,17/03/2024 12:33:30,7561326277290189
validation_audio/XC618626.wav,audio_from_peak_processed/XC256900.wav,False,17/03/2024 12:33:34,7561326277290189
audio_from_peak_processed/XC580141.wav,validation_audio/XC639777.wav,True,17/03/2024 12:33:45,7561326277290189
vae_inference/651.wav,validation_audio/XC465125.wav,False,17/03/2024 12:33:53,7561326277290189
validation_audio/XC247892.wav,vaegan_inference/908.wav,True,17/03/2024 12:33:57,7561326277290189
vae_inference/369.wav,gan_inference/941.wav,True,17/03/2024 12:34:10,3722107531088220
audio_from_peak_processed/XC756374.wav,vaegan_inference/437.wav,True,17/03/2024 12:34:15,3722107531088220
vae_inference_peak/351.wav,validation_audio/XC645932.wav,True,17/03/2024 12:34:21,3722107531088220
validation_audio/XC720444.wav,vaegan_inference/965.wav,True,17/03/2024 12:34:26,3722107531088220
vaegan_inference/849.wav,vae_inference_peak/344.wav,False,17/03/2024 15:07:28,3681217924152005
vae_inference_peak/682.wav,gan_inference/761.wav,True,17/03/2024 15:07:30,3681217924152005
gan_inference/828.wav,vae_inference_peak/494.wav,True,17/03/2024 15:07:53,7266709375285001
vaegan_inference/512.wav,vae_inference/716.wav,True,17/03/2024 15:07:54,3681217924152005
audio_from_peak_processed/XC517238.wav,vae_inference_peak/74.wav,True,17/03/2024 15:08:43,3681217924152005
validation_audio/XC530240.wav,vae_inference_peak/217.wav,False,17/03/2024 15:08:51,3681217924152005
vae_inference_peak/343.wav,gan_inference/587.wav,True,17/03/2024 15:08:57,3681217924152005
validation_audio/XC633698.wav,vae_inference/420.wav,True,17/03/2024 15:09:04,3681217924152005
audio_from_peak_processed/XC131662.wav,vae_inference/466.wav,True,17/03/2024 15:09:17,3681217924152005
vaegan_inference/977.wav,validation_audio/XC289509.wav,False,17/03/2024 15:09:32,3681217924152005
vae_inference_peak/205.wav,audio_from_peak_processed/XC323335.wav,False,17/03/2024 15:09:43,3681217924152005
gan_inference/638.wav,vae_inference/956.wav,True,17/03/2024 15:09:55,3681217924152005
vaegan_inference/636.wav,audio_from_peak_processed/XC201239.wav,False,17/03/2024 15:10:24,3681217924152005
audio_from_peak_processed/XC428774.wav,validation_audio/XC45579.wav,False,17/03/2024 15:10:30,3681217924152005
vae_inference/145.wav,vaegan_inference/624.wav,False,17/03/2024 15:10:38,3681217924152005
vaegan_inference/263.wav,gan_inference/831.wav,False,17/03/2024 15:11:05,3681217924152005
validation_audio/XC584481.wav,gan_inference/86.wav,True,17/03/2024 15:11:17,3681217924152005
vae_inference_peak/747.wav,audio_from_peak_processed/XC650037.wav,True,17/03/2024 15:11:27,3681217924152005
vaegan_inference/958.wav,vae_inference/472.wav,False,17/03/2024 15:11:46,3681217924152005
audio_from_peak_processed/XC526037.wav,validation_audio/XC613502.wav,True,17/03/2024 15:11:47,7266709375285001
audio_from_peak_processed/XC422178.wav,vae_inference/485.wav,True,17/03/2024 15:11:52,3681217924152005
vae_inference/201.wav,vaegan_inference/662.wav,False,17/03/2024 15:12:01,7266709375285001
vaegan_inference/146.wav,vae_inference/867.wav,False,17/03/2024 15:12:02,3681217924152005
gan_inference/824.wav,vae_inference/147.wav,False,17/03/2024 15:12:35,7266709375285001
gan_inference/426.wav,vae_inference_peak/107.wav,True,17/03/2024 15:12:48,7266709375285001
vaegan_inference/583.wav,vae_inference_peak/215.wav,True,17/03/2024 15:12:54,7266709375285001
vae_inference_peak/653.wav,validation_audio/XC371182.wav,False,17/03/2024 15:13:06,7266709375285001
vaegan_inference/37.wav,gan_inference/72.wav,False,17/03/2024 15:13:14,7266709375285001
gan_inference/272.wav,audio_from_peak_processed/XC346065.wav,False,17/03/2024 15:13:30,7266709375285001
vae_inference/20.wav,vae_inference_peak/812.wav,True,17/03/2024 15:13:36,7266709375285001
gan_inference/530.wav,audio_from_peak_processed/XC317283.wav,False,17/03/2024 15:13:44,7266709375285001
audio_from_peak_processed/XC125137.wav,vaegan_inference/457.wav,False,17/03/2024 15:13:51,7266709375285001
vae_inference_peak/998.wav,audio_from_peak_processed/XC379111.wav,True,17/03/2024 15:13:58,7266709375285001
gan_inference/558.wav,vae_inference_peak/523.wav,False,17/03/2024 15:14:05,7266709375285001
vaegan_inference/795.wav,audio_from_peak_processed/XC606999.wav,True,17/03/2024 15:14:11,7266709375285001
validation_audio/XC397666.wav,vaegan_inference/226.wav,False,17/03/2024 15:14:20,7266709375285001
vae_inference/367.wav,vae_inference_peak/224.wav,True,17/03/2024 15:14:31,7266709375285001
vae_inference_peak/198.wav,audio_from_peak_processed/XC310391.wav,False,17/03/2024 15:14:39,7266709375285001
vae_inference/872.wav,validation_audio/XC393823.wav,True,17/03/2024 15:14:45,7266709375285001
vaegan_inference/795.wav,audio_from_peak_processed/XC515329.wav,True,17/03/2024 15:14:53,7266709375285001
vaegan_inference/1019.wav,gan_inference/780.wav,True,17/03/2024 15:15:02,7266709375285001
gan_inference/981.wav,audio_from_peak_processed/XC492035.wav,False,17/03/2024 15:15:08,7266709375285001
gan_inference/495.wav,vaegan_inference/918.wav,True,17/03/2024 15:15:14,7266709375285001
validation_audio/XC308383.wav,vaegan_inference/452.wav,False,17/03/2024 15:15:22,7266709375285001
vaegan_inference/832.wav,vae_inference_peak/938.wav,False,17/03/2024 15:15:28,7266709375285001
audio_from_peak_processed/XC252622.wav,vae_inference/504.wav,False,17/03/2024 15:15:34,7266709375285001
vae_inference/606.wav,gan_inference/595.wav,True,17/03/2024 15:15:42,7266709375285001
audio_from_peak_processed/XC416729.wav,gan_inference/602.wav,True,17/03/2024 15:15:49,7266709375285001
vaegan_inference/942.wav,gan_inference/567.wav,False,17/03/2024 15:15:57,7266709375285001
vae_inference/749.wav,vaegan_inference/99.wav,True,17/03/2024 15:16:08,7266709375285001
validation_audio/XC384951.wav,audio_from_peak_processed/XC621047.wav,False,17/03/2024 15:16:15,7266709375285001
validation_audio/XC317504.wav,vae_inference/654.wav,False,17/03/2024 15:16:25,7266709375285001
vaegan_inference/83.wav,vae_inference_peak/505.wav,True,17/03/2024 15:16:32,7266709375285001
vae_inference/390.wav,vaegan_inference/329.wav,True,17/03/2024 15:16:39,7266709375285001
audio_from_peak_processed/XC508623.wav,vaegan_inference/806.wav,True,17/03/2024 15:16:45,7266709375285001
gan_inference/748.wav,validation_audio/XC750843.wav,True,17/03/2024 15:16:53,7266709375285001
vae_inference_peak/218.wav,audio_from_peak_processed/XC447946.wav,True,17/03/2024 15:17:00,7266709375285001
validation_audio/XC364273.wav,vae_inference_peak/391.wav,False,17/03/2024 15:17:09,7266709375285001
validation_audio/XC650083.wav,audio_from_peak_processed/XC724761.wav,True,17/03/2024 15:17:15,7266709375285001
validation_audio/XC490729.wav,audio_from_peak_processed/XC710190.wav,True,17/03/2024 15:17:21,7266709375285001
vae_inference_peak/688.wav,vaegan_inference/702.wav,False,17/03/2024 15:17:27,7266709375285001
vae_inference_peak/572.wav,gan_inference/798.wav,False,17/03/2024 15:17:41,7266709375285001
vae_inference/770.wav,vae_inference_peak/55.wav,True,17/03/2024 15:17:47,7266709375285001
vae_inference_peak/656.wav,vae_inference/69.wav,False,17/03/2024 15:17:58,7266709375285001
validation_audio/XC508657.wav,vaegan_inference/644.wav,False,17/03/2024 15:18:05,7266709375285001
validation_audio/XC317098.wav,vaegan_inference/475.wav,False,17/03/2024 15:18:13,7266709375285001
gan_inference/561.wav,audio_from_peak_processed/XC598041.wav,True,17/03/2024 15:18:20,7266709375285001
validation_audio/XC672661.wav,vae_inference/444.wav,False,17/03/2024 15:18:27,7266709375285001
vae_inference_peak/206.wav,audio_from_peak_processed/XC602597.wav,False,17/03/2024 15:18:33,7266709375285001
vae_inference_peak/374.wav,vae_inference/436.wav,False,17/03/2024 15:18:40,7266709375285001
vae_inference/289.wav,vaegan_inference/209.wav,True,17/03/2024 15:18:50,7266709375285001
validation_audio/XC442060.wav,vae_inference_peak/541.wav,True,17/03/2024 15:18:57,7266709375285001
vae_inference/649.wav,validation_audio/XC527810.wav,False,17/03/2024 15:19:03,7266709375285001
vaegan_inference/512.wav,audio_from_peak_processed/XC199723.wav,True,17/03/2024 15:19:15,7266709375285001
vae_inference/89.wav,vae_inference_peak/888.wav,True,17/03/2024 15:19:41,7266709375285001
gan_inference/989.wav,vaegan_inference/267.wav,True,17/03/2024 15:19:50,7266709375285001
vae_inference/511.wav,vaegan_inference/308.wav,False,17/03/2024 15:19:58,7266709375285001
vaegan_inference/19.wav,gan_inference/457.wav,True,17/03/2024 15:20:05,7266709375285001
vaegan_inference/620.wav,validation_audio/XC156752.wav,True,17/03/2024 15:20:12,7266709375285001
gan_inference/643.wav,validation_audio/XC588738.wav,False,17/03/2024 15:33:45,4669732685685392
vae_inference_peak/912.wav,vae_inference/348.wav,True,17/03/2024 15:33:52,4669732685685392
vae_inference/736.wav,vae_inference_peak/237.wav,True,17/03/2024 15:33:57,4669732685685392
vae_inference_peak/994.wav,gan_inference/342.wav,True,17/03/2024 15:34:03,4669732685685392
gan_inference/539.wav,vae_inference_peak/442.wav,False,17/03/2024 15:34:09,4669732685685392
gan_inference/270.wav,vaegan_inference/59.wav,False,17/03/2024 15:34:17,4669732685685392
vae_inference/162.wav,audio_from_peak_processed/XC380950.wav,False,17/03/2024 15:34:23,4669732685685392
vaegan_inference/761.wav,audio_from_peak_processed/XC564160.wav,True,17/03/2024 15:34:29,4669732685685392
vaegan_inference/119.wav,audio_from_peak_processed/XC679867.wav,False,17/03/2024 15:34:36,4669732685685392
gan_inference/807.wav,validation_audio/XC686704.wav,False,17/03/2024 15:34:44,4669732685685392
audio_from_peak_processed/XC674331.wav,gan_inference/130.wav,True,17/03/2024 16:03:58,2777504493115003
validation_audio/XC544238.wav,vaegan_inference/650.wav,True,17/03/2024 16:04:11,2777504493115003
